{"count":1,"gauges":{"ControllerArtanim-v4.CumulativeReward":{"count":13,"max":4.14278269,"min":-2.56093264,"value":-0.8312277,"weightedAverage":-0.40506494}},"self":34.8366304,"total":35.2081029,"children":{"AgentSendState":{"count":425,"self":0.0089737999999999988,"total":0.0558474,"children":{"CollectObservations":{"count":84,"self":0.046873599999999994,"total":0.046873599999999994,"children":null}}},"DecideAction":{"count":425,"self":0.1989567,"total":0.1989567,"children":null},"AgentAct":{"count":425,"self":0.115671,"total":0.115671,"children":null}}}