{"count":1,"gauges":{},"self":15.077886399999999,"total":24.7709376,"children":{"AgentSendState":{"count":2208,"self":0.1625868,"total":2.9608882,"children":{"CollectObservations":{"count":6069,"self":2.7983013999999997,"total":2.7983013999999997,"children":null}}},"DecideAction":{"count":2208,"self":5.8515479999999993,"total":5.8515479,"children":null},"AgentAct":{"count":2208,"self":0.87961819999999991,"total":0.87961819999999991,"children":null}}}