{"count":1,"gauges":{},"self":470.2099968,"total":471.466434,"children":{"AgentSendState":{"count":18094,"self":0.566771,"total":0.566771,"children":null},"DecideAction":{"count":18094,"self":0.34640899999999997,"total":0.34640899999999997,"children":null},"AgentAct":{"count":18094,"self":0.342255,"total":0.342255,"children":null}}}