{"count":1,"gauges":{},"self":6.2257472,"total":6.7035130999999994,"children":{"AgentSendState":{"count":395,"self":0.0069805,"total":0.148613,"children":{"CollectObservations":{"count":459,"self":0.1416325,"total":0.1416325,"children":null}}},"DecideAction":{"count":395,"self":0.24437979999999998,"total":0.24437979999999998,"children":null},"AgentAct":{"count":395,"self":0.083775599999999992,"total":0.083775599999999992,"children":null}}}