{"count":1,"gauges":{"ControllerArtanim-v4.CumulativeReward":{"count":221,"max":2.09338522,"min":-4.499983,"value":-0.9999851,"weightedAverage":-1.048026}},"self":8.2714456,"total":11.4490913,"children":{"AgentSendState":{"count":1352,"self":0.0309065,"total":0.3919337,"children":{"CollectObservations":{"count":741,"self":0.3610272,"total":0.3610272,"children":null}}},"DecideAction":{"count":1352,"self":0.94746809999999992,"total":0.94746809999999992,"children":null},"AgentAct":{"count":1352,"self":1.8382436,"total":1.8382436999999998,"children":null}}}