{"count":1,"gauges":{"ControllerArtanim-v4.CumulativeReward":{"count":35,"max":16.9788818,"min":-14.4680309,"value":5.472989,"weightedAverage":6.66329956}},"self":35.4558432,"total":37.171147,"children":{"AgentSendState":{"count":5518,"self":0.052313,"total":0.407221,"children":{"CollectObservations":{"count":1103,"self":0.354908,"total":0.354908,"children":null}}},"DecideAction":{"count":5518,"self":0.700539,"total":0.700539,"children":null},"AgentAct":{"count":5518,"self":0.60637999999999992,"total":0.60637999999999992,"children":null}}}